THERM-01, THERM-02, THERM-03, THERM-04, HTR-1, HTR-2, HTR-3, HTR-4, TIMESTAMP, ENVIRONMENT, ERROR
0, 0, 0, 0, -6.000000, 3.000000, 5.000000, -2.000000, 2024-08-02T09:48:20.044, 1, null
0, 0, 0, 0, -7.000000, 2.000000, 4.000000, -3.000000, 2024-08-02T09:48:20.244, 1, null
0, 0, 0, 0, -8.000000, 1.000000, 3.000000, -4.000000, 2024-08-02T09:48:20.444, 1, null
0, 0, 0, 0, -9.000000, 0.000000, 2.000000, -5.000000, 2024-08-02T09:48:20.645, 1, null
0, 0, 0, 0, -10.000000, -1.000000, 1.000000, -6.000000, 2024-08-02T09:48:20.845, 1, null
0, 0, 0, 0, -11.000000, -2.000000, 0.000000, -7.000000, 2024-08-02T09:48:21.045, 1, null
0, 0, 0, 0, -12.000000, -3.000000, -1.000000, -8.000000, 2024-08-02T09:48:21.246, 1, null
0, 0, 0, 0, -13.000000, -4.000000, -2.000000, -9.000000, 2024-08-02T09:48:21.446, 1, null
0, 0, 0, 0, -14.000000, -5.000000, -3.000000, -10.000000, 2024-08-02T09:48:21.646, 1, null
0, 0, 0, 0, -15.000000, -6.000000, -4.000000, -11.000000, 2024-08-02T09:48:21.847, 1, null
0, 0, 0, 0, -16.000000, -7.000000, -5.000000, -12.000000, 2024-08-02T09:48:22.047, 1, null
0, 0, 0, 0, -17.000000, -8.000000, -6.000000, -13.000000, 2024-08-02T09:48:22.248, 1, null
0, 0, 0, 0, -18.000000, -9.000000, -7.000000, -14.000000, 2024-08-02T09:48:22.448, 1, null
0, 0, 0, 0, -19.000000, -10.000000, -8.000000, -15.000000, 2024-08-02T09:48:22.649, 1, null
0, 0, 0, 0, -20.000000, -11.000000, -9.000000, -16.000000, 2024-08-02T09:48:22.849, 1, null
0, 0, 0, 0, -21.000000, -12.000000, -10.000000, -17.000000, 2024-08-02T09:48:23.049, 1, null
0, 0, 0, 0, -22.000000, -13.000000, -11.000000, -18.000000, 2024-08-02T09:48:23.250, 1, null
0, 0, 0, 0, -23.000000, -14.000000, -12.000000, -19.000000, 2024-08-02T09:48:23.450, 1, null
0, 0, 0, 0, -24.000000, -15.000000, -13.000000, -20.000000, 2024-08-02T09:48:23.650, 1, null
0, 0, 0, 0, -25.000000, -16.000000, -14.000000, -21.000000, 2024-08-02T09:48:23.851, 1, null
0, 0, 0, 0, -26.000000, -17.000000, -15.000000, -22.000000, 2024-08-02T09:48:24.051, 1, null
0, 0, 0, 0, -27.000000, -18.000000, -16.000000, -23.000000, 2024-08-02T09:48:24.252, 1, null
0, 0, 0, 0, -28.000000, -19.000000, -17.000000, -24.000000, 2024-08-02T09:48:24.452, 1, null
0, 0, 0, 0, -29.000000, -20.000000, -18.000000, -25.000000, 2024-08-02T09:48:24.652, 1, null
0, 0, 0, 0, -30.000000, -21.000000, -19.000000, -26.000000, 2024-08-02T09:48:24.853, 1, null
0, 0, 0, 0, -31.000000, -22.000000, -20.000000, -27.000000, 2024-08-02T09:48:25.053, 1, null
0, 0, 0, 0, -32.000000, -23.000000, -21.000000, -28.000000, 2024-08-02T09:48:25.253, 1, null
0, 0, 0, 0, -33.000000, -24.000000, -22.000000, -29.000000, 2024-08-02T09:48:25.454, 1, null
0, 0, 0, 0, -34.000000, -25.000000, -23.000000, -30.000000, 2024-08-02T09:48:25.654, 1, null
0, 0, 0, 0, -35.000000, -26.000000, -24.000000, -31.000000, 2024-08-02T09:48:25.854, 1, null
0, 0, 0, 0, -36.000000, -27.000000, -25.000000, -32.000000, 2024-08-02T09:48:26.055, 1, null
0, 0, 0, 0, -37.000000, -28.000000, -26.000000, -33.000000, 2024-08-02T09:48:26.255, 1, null
0, 0, 0, 0, -38.000000, -29.000000, -27.000000, -34.000000, 2024-08-02T09:48:26.456, 1, null
0, 0, 0, 0, -39.000000, -30.000000, -28.000000, -35.000000, 2024-08-02T09:48:26.656, 1, null
0, 0, 0, 0, -40.000000, -31.000000, -29.000000, -36.000000, 2024-08-02T09:48:26.857, 1, null
0, 0, 0, 0, -41.000000, -32.000000, -30.000000, -37.000000, 2024-08-02T09:48:27.057, 1, null
0, 0, 0, 0, -42.000000, -33.000000, -31.000000, -38.000000, 2024-08-02T09:48:27.257, 1, null
0, 0, 0, 0, -43.000000, -34.000000, -32.000000, -39.000000, 2024-08-02T09:48:27.458, 1, null
0, 0, 0, 0, -44.000000, -35.000000, -33.000000, -40.000000, 2024-08-02T09:48:27.658, 1, null
0, 0, 0, 0, -45.000000, -36.000000, -34.000000, -41.000000, 2024-08-02T09:48:27.858, 1, null
0, 0, 0, 0, -46.000000, -37.000000, -35.000000, -42.000000, 2024-08-02T09:48:27.972, 1, null
0, 0, 0, 0, -6.000000, 3.000000, 5.000000, -2.000000, 2024-08-02T09:49:14.259, 1, null
1, 1, 0, 1, -5.000000, 4.000000, 4.000000, -1.000000, 2024-08-02T09:49:14.459, 1, null
0, 0, 1, 1, -6.000000, 3.000000, 5.000000, 0.000000, 2024-08-02T09:49:14.660, 1, null
1, 0, 1, 1, -5.000000, 2.000000, 6.000000, 1.000000, 2024-08-02T09:49:14.860, 1, null
0, 1, 1, 0, -6.000000, 3.000000, 7.000000, 0.000000, 2024-08-02T09:49:15.060, 1, null
0, 0, 0, 0, -7.000000, 2.000000, 6.000000, -1.000000, 2024-08-02T09:49:15.261, 1, null
1, 1, 0, 1, -6.000000, 3.000000, 5.000000, 0.000000, 2024-08-02T09:49:15.461, 1, null
1, 0, 0, 0, -5.000000, 2.000000, 4.000000, -1.000000, 2024-08-02T09:49:15.661, 1, null
0, 1, 1, 1, -6.000000, 3.000000, 5.000000, 0.000000, 2024-08-02T09:49:15.862, 1, null
1, 1, 0, 0, -5.000000, 4.000000, 4.000000, -1.000000, 2024-08-02T09:49:16.062, 1, null
0, 1, 0, 1, -6.000000, 5.000000, 3.000000, 0.000000, 2024-08-02T09:49:16.263, 1, null
1, 1, 1, 1, -5.000000, 6.000000, 4.000000, 1.000000, 2024-08-02T09:49:16.463, 1, null
0, 0, 1, 0, -6.000000, 5.000000, 5.000000, 0.000000, 2024-08-02T09:49:16.663, 1, null
0, 1, 0, 1, -7.000000, 6.000000, 4.000000, 1.000000, 2024-08-02T09:49:16.864, 1, null
1, 0, 0, 1, -6.000000, 5.000000, 3.000000, 2.000000, 2024-08-02T09:49:17.064, 1, null
1, 0, 0, 0, -5.000000, 4.000000, 2.000000, 1.000000, 2024-08-02T09:49:17.264, 1, null
1, 0, 1, 1, -4.000000, 3.000000, 3.000000, 2.000000, 2024-08-02T09:49:17.465, 1, null
1, 0, 1, 0, -3.000000, 2.000000, 4.000000, 1.000000, 2024-08-02T09:49:17.665, 1, null
1, 0, 1, 1, -2.000000, 1.000000, 5.000000, 2.000000, 2024-08-02T09:49:17.865, 1, null
1, 0, 1, 0, -1.000000, 0.000000, 6.000000, 1.000000, 2024-08-02T09:49:18.066, 1, null
0, 1, 0, 0, -2.000000, 1.000000, 5.000000, 0.000000, 2024-08-02T09:49:18.266, 1, null
0, 0, 0, 1, -3.000000, 0.000000, 4.000000, 1.000000, 2024-08-02T09:49:18.466, 1, null
1, 1, 0, 0, -2.000000, 1.000000, 3.000000, 0.000000, 2024-08-02T09:49:18.667, 1, null
0, 0, 1, 0, -3.000000, 0.000000, 4.000000, -1.000000, 2024-08-02T09:49:18.867, 1, null
0, 1, 0, 0, -4.000000, 1.000000, 3.000000, -2.000000, 2024-08-02T09:49:19.067, 1, null
1, 0, 0, 0, -3.000000, 0.000000, 2.000000, -3.000000, 2024-08-02T09:49:19.268, 1, null
0, 0, 0, 1, -4.000000, -1.000000, 1.000000, -2.000000, 2024-08-02T09:49:19.468, 1, null
0, 1, 1, 1, -5.000000, 0.000000, 2.000000, -1.000000, 2024-08-02T09:49:19.668, 1, null
0, 0, 0, 1, -6.000000, -1.000000, 1.000000, 0.000000, 2024-08-02T09:49:19.868, 1, null
1, 0, 0, 1, -5.000000, -2.000000, 0.000000, 1.000000, 2024-08-02T09:49:20.069, 1, null
1, 0, 1, 1, -4.000000, -3.000000, 1.000000, 2.000000, 2024-08-02T09:49:20.269, 1, null
1, 1, 1, 0, -3.000000, -2.000000, 2.000000, 1.000000, 2024-08-02T09:49:20.469, 1, null
1, 1, 1, 1, -2.000000, -1.000000, 3.000000, 2.000000, 2024-08-02T09:49:20.670, 1, null
0, 1, 1, 1, -3.000000, 0.000000, 4.000000, 3.000000, 2024-08-02T09:49:20.870, 1, null
1, 0, 1, 1, -2.000000, -1.000000, 5.000000, 4.000000, 2024-08-02T09:49:21.070, 1, null
0, 1, 1, 0, -3.000000, 0.000000, 6.000000, 3.000000, 2024-08-02T09:49:21.271, 1, null
1, 0, 1, 0, -2.000000, -1.000000, 7.000000, 2.000000, 2024-08-02T09:49:21.471, 1, null
0, 0, 1, 1, -3.000000, -2.000000, 8.000000, 3.000000, 2024-08-02T09:49:21.671, 1, null
1, 0, 1, 0, -2.000000, -3.000000, 9.000000, 2.000000, 2024-08-02T09:49:21.872, 1, null
1, 0, 1, 0, -1.000000, -4.000000, 10.000000, 1.000000, 2024-08-02T09:49:22.072, 1, null
1, 1, 1, 0, 0.000000, -3.000000, 11.000000, 0.000000, 2024-08-02T09:49:22.272, 1, null
0, 0, 0, 1, -1.000000, -4.000000, 10.000000, 1.000000, 2024-08-02T09:49:22.473, 1, null
0, 1, 0, 1, -2.000000, -3.000000, 9.000000, 2.000000, 2024-08-02T09:49:22.673, 1, null
0, 0, 0, 0, -3.000000, -4.000000, 8.000000, 1.000000, 2024-08-02T09:49:22.873, 1, null
1, 1, 0, 1, -2.000000, -3.000000, 7.000000, 2.000000, 2024-08-02T09:49:23.073, 1, null
0, 1, 1, 1, -3.000000, -2.000000, 8.000000, 3.000000, 2024-08-02T09:49:23.274, 1, null
0, 1, 1, 0, -4.000000, -1.000000, 9.000000, 2.000000, 2024-08-02T09:49:23.474, 1, null
1, 0, 1, 1, -3.000000, -2.000000, 10.000000, 3.000000, 2024-08-02T09:49:23.675, 1, null
1, 1, 1, 0, -2.000000, -1.000000, 11.000000, 2.000000, 2024-08-02T09:49:23.875, 1, null
0, 0, 1, 1, -3.000000, -2.000000, 12.000000, 3.000000, 2024-08-02T09:49:24.075, 1, null
1, 0, 1, 1, -2.000000, -3.000000, 13.000000, 4.000000, 2024-08-02T09:49:24.275, 1, null
1, 1, 0, 0, -1.000000, -2.000000, 12.000000, 3.000000, 2024-08-02T09:49:24.476, 1, null
0, 0, 0, 1, -2.000000, -3.000000, 11.000000, 4.000000, 2024-08-02T09:49:24.676, 1, null
0, 0, 0, 0, -3.000000, -4.000000, 10.000000, 3.000000, 2024-08-02T09:49:24.876, 1, null
0, 1, 1, 1, -4.000000, -3.000000, 11.000000, 4.000000, 2024-08-02T09:49:25.076, 1, null
1, 0, 1, 0, -3.000000, -4.000000, 12.000000, 3.000000, 2024-08-02T09:49:25.277, 1, null
1, 0, 1, 0, -2.000000, -5.000000, 13.000000, 2.000000, 2024-08-02T09:49:25.477, 1, null
1, 0, 1, 0, -1.000000, -6.000000, 14.000000, 1.000000, 2024-08-02T09:49:25.677, 1, null
1, 0, 1, 0, 0.000000, -7.000000, 15.000000, 0.000000, 2024-08-02T09:49:25.878, 1, null
1, 0, 1, 0, 1.000000, -8.000000, 16.000000, -1.000000, 2024-08-02T09:49:26.078, 1, null
1, 0, 1, 0, 2.000000, -9.000000, 17.000000, -2.000000, 2024-08-02T09:49:26.278, 1, null
1, 0, 1, 0, 3.000000, -10.000000, 18.000000, -3.000000, 2024-08-02T09:49:26.478, 1, null
1, 0, 1, 0, 4.000000, -11.000000, 19.000000, -4.000000, 2024-08-02T09:49:26.495, 1, null
0, 0, 0, 0, -6.000000, 3.000000, 5.000000, -2.000000, 2024-08-02T09:51:44.986, 1, null
0, 0, 0, 0, -7.000000, 2.000000, 4.000000, -3.000000, 2024-08-02T09:51:45.186, 1, null
0, 0, 0, 0, -8.000000, 1.000000, 3.000000, -4.000000, 2024-08-02T09:51:45.386, 1, null
0, 0, 0, 0, -9.000000, 0.000000, 2.000000, -5.000000, 2024-08-02T09:51:45.587, 1, null
0, 0, 0, 0, -10.000000, -1.000000, 1.000000, -6.000000, 2024-08-02T09:51:45.788, 1, null
0, 0, 0, 0, -11.000000, -2.000000, 0.000000, -7.000000, 2024-08-02T09:51:45.988, 1, null
0, 0, 0, 0, -12.000000, -3.000000, -1.000000, -8.000000, 2024-08-02T09:51:46.189, 1, null
0, 0, 0, 0, -13.000000, -4.000000, -2.000000, -9.000000, 2024-08-02T09:51:46.389, 1, null
0, 0, 0, 0, -14.000000, -5.000000, -3.000000, -10.000000, 2024-08-02T09:51:46.589, 1, null
0, 0, 0, 0, -15.000000, -6.000000, -4.000000, -11.000000, 2024-08-02T09:51:46.790, 1, null
0, 0, 0, 0, -16.000000, -7.000000, -5.000000, -12.000000, 2024-08-02T09:51:46.990, 1, null
0, 0, 0, 0, -17.000000, -8.000000, -6.000000, -13.000000, 2024-08-02T09:51:47.190, 1, null
0, 0, 0, 0, -18.000000, -9.000000, -7.000000, -14.000000, 2024-08-02T09:51:47.391, 1, null
0, 0, 0, 0, -19.000000, -10.000000, -8.000000, -15.000000, 2024-08-02T09:51:47.591, 1, null
0, 0, 0, 0, -20.000000, -11.000000, -9.000000, -16.000000, 2024-08-02T09:51:47.791, 1, null
0, 0, 0, 0, -21.000000, -12.000000, -10.000000, -17.000000, 2024-08-02T09:51:47.991, 1, null
0, 0, 0, 0, -22.000000, -13.000000, -11.000000, -18.000000, 2024-08-02T09:51:48.192, 1, null
0, 0, 0, 0, -23.000000, -14.000000, -12.000000, -19.000000, 2024-08-02T09:51:48.392, 1, null
0, 0, 0, 0, -24.000000, -15.000000, -13.000000, -20.000000, 2024-08-02T09:51:48.592, 1, null
0, 0, 0, 0, -25.000000, -16.000000, -14.000000, -21.000000, 2024-08-02T09:51:48.792, 1, null
0, 0, 0, 0, -26.000000, -17.000000, -15.000000, -22.000000, 2024-08-02T09:51:48.993, 1, null
0, 0, 0, 0, -27.000000, -18.000000, -16.000000, -23.000000, 2024-08-02T09:51:49.193, 1, null
0, 1, 0, 1, -28.000000, -17.000000, -17.000000, -22.000000, 2024-08-02T09:51:49.394, 1, null
0, 0, 1, 0, -29.000000, -18.000000, -16.000000, -23.000000, 2024-08-02T09:51:49.594, 1, null
0, 1, 0, 1, -30.000000, -17.000000, -17.000000, -22.000000, 2024-08-02T09:51:49.795, 1, null
1, 0, 0, 1, -29.000000, -18.000000, -18.000000, -21.000000, 2024-08-02T09:51:49.995, 1, null
1, 0, 0, 0, -28.000000, -19.000000, -19.000000, -22.000000, 2024-08-02T09:51:50.195, 1, null
1, 0, 1, 1, -27.000000, -20.000000, -18.000000, -21.000000, 2024-08-02T09:51:50.396, 1, null
1, 0, 1, 0, -26.000000, -21.000000, -17.000000, -22.000000, 2024-08-02T09:51:50.596, 1, null
1, 0, 1, 1, -25.000000, -22.000000, -16.000000, -21.000000, 2024-08-02T09:51:50.797, 1, null
1, 0, 1, 0, -24.000000, -23.000000, -15.000000, -22.000000, 2024-08-02T09:51:50.997, 1, null
0, 1, 0, 0, -25.000000, -22.000000, -16.000000, -23.000000, 2024-08-02T09:51:51.197, 1, null
0, 0, 0, 1, -26.000000, -23.000000, -17.000000, -22.000000, 2024-08-02T09:51:51.397, 1, null
1, 1, 0, 0, -25.000000, -22.000000, -18.000000, -23.000000, 2024-08-02T09:51:51.598, 1, null
0, 0, 1, 0, -26.000000, -23.000000, -17.000000, -24.000000, 2024-08-02T09:51:51.798, 1, null
0, 1, 0, 0, -27.000000, -22.000000, -18.000000, -25.000000, 2024-08-02T09:51:51.998, 1, null
1, 0, 0, 0, -26.000000, -23.000000, -19.000000, -26.000000, 2024-08-02T09:51:52.199, 1, null
0, 0, 0, 1, -27.000000, -24.000000, -20.000000, -25.000000, 2024-08-02T09:51:52.399, 1, null
0, 1, 1, 1, -28.000000, -23.000000, -19.000000, -24.000000, 2024-08-02T09:51:52.600, 1, null
0, 0, 0, 1, -29.000000, -24.000000, -20.000000, -23.000000, 2024-08-02T09:51:52.800, 1, null
1, 0, 0, 1, -28.000000, -25.000000, -21.000000, -22.000000, 2024-08-02T09:51:52.000, 1, null
1, 0, 1, 1, -27.000000, -26.000000, -20.000000, -21.000000, 2024-08-02T09:51:53.200, 1, null
1, 1, 1, 0, -26.000000, -25.000000, -19.000000, -22.000000, 2024-08-02T09:51:53.401, 1, null
1, 1, 1, 1, -25.000000, -24.000000, -18.000000, -21.000000, 2024-08-02T09:51:53.601, 1, null
1, 1, 1, 1, -24.000000, -23.000000, -17.000000, -20.000000, 2024-08-02T09:51:53.801, 1, null
1, 1, 1, 1, -23.000000, -22.000000, -16.000000, -19.000000, 2024-08-02T09:51:53.002, 1, null
1, 1, 1, 1, -22.000000, -21.000000, -15.000000, -18.000000, 2024-08-02T09:51:54.202, 1, null
1, 1, 1, 1, -21.000000, -20.000000, -14.000000, -17.000000, 2024-08-02T09:51:54.391, 1, null
null, null, null, null, null, null, null, null, 2024-08-02T15:09:23.893, null, ERROR CREATING TEMP INFO NAMED PIPE
-6.000000, 3.000000, 5.000000, -2.000000, Off, Off, Off, Off, 2024-08-02T15:10:35.318, Normal, null
-7.000000, 2.000000, 4.000000, -3.000000, Off, Off, Off, Off, 2024-08-02T15:10:35.522, Normal, null
-8.000000, 1.000000, 3.000000, -4.000000, Off, Off, Off, Off, 2024-08-02T15:10:35.731, Normal, null
-9.000000, 0.000000, 2.000000, -5.000000, Off, Off, Off, Off, 2024-08-02T15:10:35.934, Normal, null
-10.000000, -1.000000, 1.000000, -6.000000, Off, Off, Off, Off, 2024-08-02T15:10:36.138, Normal, null
-11.000000, -2.000000, 0.000000, -7.000000, Off, Off, Off, Off, 2024-08-02T15:10:36.340, Normal, null
-12.000000, -3.000000, -1.000000, -8.000000, Off, Off, Off, Off, 2024-08-02T15:10:36.545, Normal, null
-13.000000, -4.000000, -2.000000, -9.000000, Off, Off, Off, Off, 2024-08-02T15:10:36.748, Normal, null
-14.000000, -5.000000, -3.000000, -10.000000, Off, Off, Off, Off, 2024-08-02T15:10:36.950, Normal, null
-15.000000, -6.000000, -4.000000, -11.000000, Off, Off, Off, Off, 2024-08-02T15:10:37.157, Normal, null
-16.000000, -7.000000, -5.000000, -12.000000, Off, Off, Off, Off, 2024-08-02T15:10:37.364, Normal, null
-17.000000, -8.000000, -6.000000, -13.000000, Off, Off, Off, Off, 2024-08-02T15:10:37.567, Normal, null
-18.000000, -9.000000, -7.000000, -14.000000, Off, Off, Off, Off, 2024-08-02T15:10:37.769, Normal, null
-19.000000, -10.000000, -8.000000, -15.000000, Off, Off, Off, Off, 2024-08-02T15:10:37.973, Normal, null
-20.000000, -11.000000, -9.000000, -16.000000, Off, Off, Off, Off, 2024-08-02T15:10:38.179, Normal, null
-21.000000, -12.000000, -10.000000, -17.000000, Off, Off, Off, Off, 2024-08-02T15:10:38.383, Normal, null
-22.000000, -13.000000, -11.000000, -18.000000, Off, Off, Off, Off, 2024-08-02T15:10:38.588, Normal, null
-23.000000, -14.000000, -12.000000, -19.000000, Off, Off, Off, Off, 2024-08-02T15:10:38.791, Normal, null
-24.000000, -15.000000, -13.000000, -20.000000, Off, Off, Off, Off, 2024-08-02T15:10:38.995, Normal, null
-25.000000, -16.000000, -14.000000, -21.000000, Off, Off, Off, Off, 2024-08-02T15:10:39.200, Normal, null
-26.000000, -17.000000, -15.000000, -22.000000, Off, Off, Off, Off, 2024-08-02T15:10:39.405, Normal, null
-27.000000, -18.000000, -16.000000, -23.000000, Off, Off, Off, Off, 2024-08-02T15:10:39.608, Normal, null
-28.000000, -19.000000, -17.000000, -24.000000, Off, Off, Off, Off, 2024-08-02T15:10:39.813, Normal, null
-29.000000, -20.000000, -18.000000, -25.000000, Off, Off, Off, Off, 2024-08-02T15:10:40.019, Normal, null
-30.000000, -21.000000, -19.000000, -26.000000, Off, Off, Off, Off, 2024-08-02T15:10:40.223, Normal, null
-31.000000, -22.000000, -20.000000, -27.000000, Off, Off, Off, Off, 2024-08-02T15:10:40.427, Normal, null
-32.000000, -23.000000, -21.000000, -28.000000, Off, Off, Off, Off, 2024-08-02T15:10:40.631, Normal, null
-33.000000, -24.000000, -22.000000, -29.000000, Off, Off, Off, Off, 2024-08-02T15:10:40.661, Normal, null
-6.000000, 3.000000, 5.000000, -2.000000, Off, Off, Off, Off, 2024-08-02T15:11:17.276, Normal, null
-7.000000, 2.000000, 4.000000, -3.000000, Off, Off, Off, Off, 2024-08-02T15:11:17.479, Normal, null
-8.000000, 1.000000, 3.000000, -4.000000, Off, Off, Off, Off, 2024-08-02T15:11:17.683, Normal, null
-9.000000, 0.000000, 2.000000, -5.000000, Off, Off, Off, Off, 2024-08-02T15:11:17.890, Normal, null
-10.000000, -1.000000, 1.000000, -6.000000, Off, Off, Off, Off, 2024-08-02T15:11:18.093, Normal, null
-11.000000, -2.000000, 0.000000, -7.000000, Off, Off, Off, Off, 2024-08-02T15:11:18.296, Normal, null
-12.000000, -3.000000, -1.000000, -8.000000, Off, Off, Off, Off, 2024-08-02T15:11:18.499, Normal, null
-13.000000, -4.000000, -2.000000, -9.000000, Off, Off, Off, Off, 2024-08-02T15:11:18.702, Normal, null
-14.000000, -5.000000, -3.000000, -10.000000, Off, Off, Off, Off, 2024-08-02T15:11:18.904, Normal, null
-15.000000, -6.000000, -4.000000, -11.000000, Off, Off, Off, Off, 2024-08-02T15:11:19.108, Normal, null
-16.000000, -7.000000, -5.000000, -12.000000, Off, Off, Off, Off, 2024-08-02T15:11:19.310, Normal, null
-17.000000, -8.000000, -6.000000, -13.000000, Off, Off, Off, Off, 2024-08-02T15:11:19.512, Normal, null
-18.000000, -9.000000, -7.000000, -14.000000, Off, Off, Off, Off, 2024-08-02T15:11:19.715, Normal, null
-19.000000, -10.000000, -8.000000, -15.000000, Off, Off, Off, Off, 2024-08-02T15:11:19.918, Normal, null
-20.000000, -11.000000, -9.000000, -16.000000, Off, Off, Off, Off, 2024-08-02T15:11:20.120, Normal, null
-21.000000, -12.000000, -10.000000, -17.000000, Off, Off, Off, Off, 2024-08-02T15:11:20.323, Normal, null
-22.000000, -13.000000, -11.000000, -18.000000, Off, Off, Off, Off, 2024-08-02T15:11:20.530, Normal, null
-23.000000, -14.000000, -12.000000, -19.000000, Off, Off, Off, Off, 2024-08-02T15:11:20.733, Normal, null
-24.000000, -15.000000, -13.000000, -20.000000, Off, Off, Off, Off, 2024-08-02T15:11:20.936, Normal, null
-25.000000, -16.000000, -14.000000, -21.000000, Off, Off, Off, Off, 2024-08-02T15:11:21.145, Normal, null
-26.000000, -17.000000, -15.000000, -22.000000, Off, Off, Off, Off, 2024-08-02T15:11:21.347, Normal, null
-27.000000, -18.000000, -16.000000, -23.000000, Off, Off, Off, Off, 2024-08-02T15:11:21.551, Normal, null
-28.000000, -19.000000, -17.000000, -24.000000, Off, Off, Off, Off, 2024-08-02T15:11:21.754, Normal, null
-29.000000, -20.000000, -18.000000, -25.000000, Off, Off, Off, Off, 2024-08-02T15:11:21.958, Normal, null
-30.000000, -21.000000, -19.000000, -26.000000, Off, Off, Off, Off, 2024-08-02T15:11:22.161, Normal, null
-31.000000, -22.000000, -20.000000, -27.000000, Off, Off, Off, Off, 2024-08-02T15:11:22.365, Normal, null
-32.000000, -23.000000, -21.000000, -28.000000, Off, Off, Off, Off, 2024-08-02T15:11:22.568, Normal, null
-33.000000, -24.000000, -22.000000, -29.000000, Off, Off, Off, Off, 2024-08-02T15:11:22.775, Normal, null
-34.000000, -25.000000, -23.000000, -30.000000, Off, Off, Off, Off, 2024-08-02T15:11:22.977, Normal, null
-35.000000, -26.000000, -24.000000, -31.000000, Off, Off, Off, Off, 2024-08-02T15:11:23.180, Normal, null
-36.000000, -27.000000, -25.000000, -32.000000, Off, Off, Off, Off, 2024-08-02T15:11:23.383, Normal, null
-37.000000, -28.000000, -26.000000, -33.000000, Off, Off, Off, Off, 2024-08-02T15:11:23.585, Normal, null
-44.000000, -35.000000, -33.000000, -40.000000, Off, Off, Off, Off, 2024-08-02T15:11:23.789, Eclipse, null
-51.000000, -42.000000, -40.000000, -47.000000, Off, Off, Off, Off, 2024-08-02T15:11:23.996, Eclipse, null
-58.000000, -49.000000, -47.000000, -54.000000, Off, Off, Off, Off, 2024-08-02T15:11:24.198, Eclipse, null
-65.000000, -56.000000, -54.000000, -61.000000, Off, Off, Off, Off, 2024-08-02T15:11:24.401, Eclipse, null
-72.000000, -63.000000, -61.000000, -68.000000, Off, Off, Off, Off, 2024-08-02T15:11:24.606, Eclipse, null
-79.000000, -70.000000, -68.000000, -75.000000, Off, Off, Off, Off, 2024-08-02T15:11:24.812, Eclipse, null
-86.000000, -77.000000, -75.000000, -82.000000, Off, Off, Off, Off, 2024-08-02T15:11:25.015, Eclipse, null
-93.000000, -84.000000, -82.000000, -89.000000, Off, Off, Off, Off, 2024-08-02T15:11:25.225, Eclipse, null
-100.000000, -91.000000, -89.000000, -96.000000, Off, Off, Off, Off, 2024-08-02T15:11:25.427, Eclipse, null
-107.000000, -98.000000, -96.000000, -103.000000, Off, Off, Off, Off, 2024-08-02T15:11:25.630, Eclipse, null
-114.000000, -105.000000, -103.000000, -110.000000, Off, Off, Off, Off, 2024-08-02T15:11:25.832, Eclipse, null
-121.000000, -112.000000, -110.000000, -117.000000, Off, Off, Off, Off, 2024-08-02T15:11:26.034, Eclipse, null
-128.000000, -119.000000, -117.000000, -124.000000, Off, Off, Off, Off, 2024-08-02T15:11:26.237, Eclipse, null
-135.000000, -126.000000, -124.000000, -131.000000, Off, Off, Off, Off, 2024-08-02T15:11:26.441, Eclipse, null
-142.000000, -133.000000, -131.000000, -138.000000, Off, Off, Off, Off, 2024-08-02T15:11:26.643, Eclipse, null
-149.000000, -140.000000, -138.000000, -145.000000, Off, Off, Off, Off, 2024-08-02T15:11:26.845, Eclipse, null
-156.000000, -147.000000, -145.000000, -152.000000, Off, Off, Off, Off, 2024-08-02T15:11:27.049, Eclipse, null
-163.000000, -154.000000, -152.000000, -159.000000, Off, Off, Off, Off, 2024-08-02T15:11:27.251, Eclipse, null
-170.000000, -161.000000, -159.000000, -166.000000, Off, Off, Off, Off, 2024-08-02T15:11:27.455, Eclipse, null
-177.000000, -168.000000, -166.000000, -173.000000, Off, Off, Off, Off, 2024-08-02T15:11:27.659, Eclipse, null
-184.000000, -175.000000, -173.000000, -180.000000, Off, Off, Off, Off, 2024-08-02T15:11:27.860, Eclipse, null
-191.000000, -182.000000, -180.000000, -187.000000, Off, Off, Off, Off, 2024-08-02T15:11:28.062, Eclipse, null
-198.000000, -189.000000, -187.000000, -194.000000, Off, Off, Off, Off, 2024-08-02T15:11:28.271, Eclipse, null
-205.000000, -196.000000, -194.000000, -201.000000, Off, Off, Off, Off, 2024-08-02T15:11:28.475, Eclipse, null
-212.000000, -203.000000, -201.000000, -208.000000, Off, Off, Off, Off, 2024-08-02T15:11:28.684, Eclipse, null
-219.000000, -210.000000, -208.000000, -215.000000, Off, Off, Off, Off, 2024-08-02T15:11:28.888, Eclipse, null
-226.000000, -217.000000, -215.000000, -222.000000, Off, Off, Off, Off, 2024-08-02T15:11:29.094, Eclipse, null
-233.000000, -224.000000, -222.000000, -229.000000, Off, Off, Off, Off, 2024-08-02T15:11:29.296, Eclipse, null
-240.000000, -231.000000, -229.000000, -236.000000, Off, Off, Off, Off, 2024-08-02T15:11:29.498, Eclipse, null
-247.000000, -238.000000, -236.000000, -243.000000, Off, Off, Off, Off, 2024-08-02T15:11:29.703, Eclipse, null
-254.000000, -245.000000, -243.000000, -250.000000, Off, Off, Off, Off, 2024-08-02T15:11:29.906, Eclipse, null
-261.000000, -252.000000, -250.000000, -257.000000, Off, Off, Off, Off, 2024-08-02T15:11:30.111, Eclipse, null
-262.000000, -253.000000, -251.000000, -258.000000, Off, Off, Off, Off, 2024-08-02T15:11:30.315, Sun Exposure, null
-263.000000, -254.000000, -252.000000, -259.000000, Off, Off, Off, Off, 2024-08-02T15:11:30.518, Sun Exposure, null
-264.000000, -255.000000, -253.000000, -260.000000, Off, Off, Off, Off, 2024-08-02T15:11:30.722, Sun Exposure, null
-265.000000, -256.000000, -254.000000, -261.000000, Off, Off, Off, Off, 2024-08-02T15:11:30.928, Sun Exposure, null
-266.000000, -257.000000, -255.000000, -262.000000, Off, Off, Off, Off, 2024-08-02T15:11:31.130, Sun Exposure, null
-267.000000, -258.000000, -256.000000, -263.000000, Off, Off, Off, Off, 2024-08-02T15:11:31.332, Sun Exposure, null
-268.000000, -259.000000, -257.000000, -264.000000, Off, Off, Off, Off, 2024-08-02T15:11:31.535, Sun Exposure, null
-269.000000, -260.000000, -258.000000, -265.000000, Off, Off, Off, Off, 2024-08-02T15:11:31.739, Sun Exposure, null
-270.000000, -261.000000, -259.000000, -266.000000, Off, Off, Off, Off, 2024-08-02T15:11:31.944, Sun Exposure, null
-271.000000, -262.000000, -260.000000, -267.000000, Off, Off, Off, Off, 2024-08-02T15:11:32.147, Sun Exposure, null
-272.000000, -263.000000, -261.000000, -268.000000, Off, Off, Off, Off, 2024-08-02T15:11:32.350, Sun Exposure, null
-273.000000, -264.000000, -262.000000, -269.000000, Off, Off, Off, Off, 2024-08-02T15:11:32.553, Sun Exposure, null
-274.000000, -265.000000, -263.000000, -270.000000, Off, Off, Off, Off, 2024-08-02T15:11:32.757, Sun Exposure, null
-275.000000, -266.000000, -264.000000, -271.000000, Off, Off, Off, Off, 2024-08-02T15:11:32.961, Sun Exposure, null
-276.000000, -267.000000, -265.000000, -272.000000, Off, Off, Off, Off, 2024-08-02T15:11:33.163, Sun Exposure, null
-277.000000, -268.000000, -266.000000, -273.000000, Off, Off, Off, Off, 2024-08-02T15:11:33.365, Sun Exposure, null
-278.000000, -269.000000, -267.000000, -274.000000, Off, Off, Off, Off, 2024-08-02T15:11:33.567, Sun Exposure, null
-279.000000, -270.000000, -268.000000, -275.000000, Off, Off, Off, Off, 2024-08-02T15:11:33.769, Sun Exposure, null
-280.000000, -271.000000, -269.000000, -276.000000, Off, Off, Off, Off, 2024-08-02T15:11:33.971, Sun Exposure, null
-281.000000, -272.000000, -270.000000, -277.000000, Off, Off, Off, Off, 2024-08-02T15:11:34.176, Sun Exposure, null
-282.000000, -273.000000, -271.000000, -278.000000, Off, Off, Off, Off, 2024-08-02T15:11:34.378, Sun Exposure, null
-283.000000, -274.000000, -272.000000, -279.000000, Off, Off, Off, Off, 2024-08-02T15:11:34.581, Sun Exposure, null
-284.000000, -275.000000, -273.000000, -280.000000, Off, Off, Off, Off, 2024-08-02T15:11:34.786, Sun Exposure, null
-285.000000, -276.000000, -274.000000, -281.000000, Off, Off, Off, Off, 2024-08-02T15:11:34.991, Sun Exposure, null
-286.000000, -277.000000, -275.000000, -282.000000, Off, Off, Off, Off, 2024-08-02T15:11:35.198, Sun Exposure, null
-287.000000, -278.000000, -276.000000, -283.000000, Off, Off, Off, Off, 2024-08-02T15:11:35.400, Sun Exposure, null
-288.000000, -279.000000, -277.000000, -284.000000, Off, Off, Off, Off, 2024-08-02T15:11:35.602, Sun Exposure, null
-289.000000, -280.000000, -278.000000, -285.000000, Off, Off, Off, Off, 2024-08-02T15:11:35.806, Sun Exposure, null
-290.000000, -281.000000, -279.000000, -286.000000, Off, Off, Off, Off, 2024-08-02T15:11:36.012, Sun Exposure, null
-291.000000, -282.000000, -280.000000, -287.000000, Off, Off, Off, Off, 2024-08-02T15:11:36.244, Sun Exposure, null
-292.000000, -283.000000, -281.000000, -288.000000, Off, Off, Off, Off, 2024-08-02T15:11:36.454, Sun Exposure, null
-293.000000, -284.000000, -282.000000, -289.000000, Off, Off, Off, Off, 2024-08-02T15:11:36.740, Sun Exposure, null
-294.000000, -285.000000, -283.000000, -290.000000, Off, Off, Off, Off, 2024-08-02T15:11:36.943, Normal, null
-295.000000, -286.000000, -284.000000, -291.000000, Off, Off, Off, Off, 2024-08-02T15:11:37.146, Normal, null
-296.000000, -287.000000, -285.000000, -292.000000, Off, Off, Off, Off, 2024-08-02T15:11:37.352, Normal, null
-297.000000, -288.000000, -286.000000, -293.000000, Off, Off, Off, Off, 2024-08-02T15:11:37.555, Normal, null
-298.000000, -289.000000, -287.000000, -294.000000, Off, Off, Off, Off, 2024-08-02T15:11:37.759, Normal, null
-299.000000, -290.000000, -288.000000, -295.000000, Off, Off, Off, Off, 2024-08-02T15:11:37.977, Normal, null
-300.000000, -291.000000, -289.000000, -296.000000, Off, Off, Off, Off, 2024-08-02T15:11:38.180, Normal, null
-301.000000, -292.000000, -290.000000, -297.000000, Off, Off, Off, Off, 2024-08-02T15:11:38.384, Normal, null
-302.000000, -293.000000, -291.000000, -298.000000, Off, Off, Off, Off, 2024-08-02T15:11:38.586, Normal, null
-303.000000, -294.000000, -292.000000, -299.000000, Off, Off, Off, Off, 2024-08-02T15:11:38.790, Normal, null
-304.000000, -295.000000, -293.000000, -300.000000, Off, Off, Off, Off, 2024-08-02T15:11:38.994, Normal, null
-305.000000, -296.000000, -294.000000, -301.000000, Off, Off, Off, Off, 2024-08-02T15:11:39.207, Normal, null
-306.000000, -297.000000, -295.000000, -302.000000, Off, Off, Off, Off, 2024-08-02T15:11:39.409, Normal, null
-307.000000, -298.000000, -296.000000, -303.000000, Off, Off, Off, Off, 2024-08-02T15:11:39.611, Normal, null
-308.000000, -299.000000, -297.000000, -304.000000, Off, Off, Off, Off, 2024-08-02T15:11:39.814, Normal, null
-309.000000, -300.000000, -298.000000, -305.000000, Off, Off, Off, Off, 2024-08-02T15:11:40.018, Normal, null
-310.000000, -301.000000, -299.000000, -306.000000, Off, Off, Off, Off, 2024-08-02T15:11:40.220, Normal, null
-311.000000, -302.000000, -300.000000, -307.000000, Off, Off, Off, Off, 2024-08-02T15:11:40.423, Normal, null
-312.000000, -303.000000, -301.000000, -308.000000, Off, Off, Off, Off, 2024-08-02T15:11:40.626, Normal, null
-313.000000, -304.000000, -302.000000, -309.000000, Off, Off, Off, Off, 2024-08-02T15:11:40.833, Normal, null
-314.000000, -305.000000, -303.000000, -310.000000, Off, Off, Off, Off, 2024-08-02T15:11:41.049, Normal, null
-315.000000, -306.000000, -304.000000, -311.000000, Off, Off, Off, Off, 2024-08-02T15:11:41.254, Normal, null
-316.000000, -307.000000, -305.000000, -312.000000, Off, Off, Off, Off, 2024-08-02T15:11:41.457, Normal, null
-317.000000, -308.000000, -306.000000, -313.000000, Off, Off, Off, Off, 2024-08-02T15:11:41.660, Normal, null
-318.000000, -309.000000, -307.000000, -314.000000, Off, Off, Off, Off, 2024-08-02T15:11:41.865, Normal, null
-319.000000, -310.000000, -308.000000, -315.000000, Off, Off, Off, Off, 2024-08-02T15:11:42.069, Normal, null
-320.000000, -311.000000, -309.000000, -316.000000, Off, Off, Off, Off, 2024-08-02T15:11:42.273, Normal, null
-321.000000, -312.000000, -310.000000, -317.000000, Off, Off, Off, Off, 2024-08-02T15:11:42.476, Normal, null
-322.000000, -313.000000, -311.000000, -318.000000, Off, Off, Off, Off, 2024-08-02T15:11:42.678, Normal, null
-323.000000, -314.000000, -312.000000, -319.000000, Off, Off, Off, Off, 2024-08-02T15:11:42.881, Normal, null
-324.000000, -315.000000, -313.000000, -320.000000, Off, Off, Off, Off, 2024-08-02T15:11:43.084, Normal, null
-325.000000, -316.000000, -314.000000, -321.000000, Off, Off, Off, Off, 2024-08-02T15:11:43.287, Normal, null
-326.000000, -317.000000, -315.000000, -322.000000, Off, Off, Off, Off, 2024-08-02T15:11:43.491, Normal, null
-327.000000, -318.000000, -316.000000, -323.000000, Off, Off, Off, Off, 2024-08-02T15:11:43.695, Normal, null
-328.000000, -319.000000, -317.000000, -324.000000, Off, Off, Off, Off, 2024-08-02T15:11:43.899, Normal, null
-329.000000, -320.000000, -318.000000, -325.000000, Off, Off, Off, Off, 2024-08-02T15:11:44.102, Normal, null
-330.000000, -321.000000, -319.000000, -326.000000, Off, Off, Off, Off, 2024-08-02T15:11:44.305, Normal, null
-331.000000, -322.000000, -320.000000, -327.000000, Off, Off, Off, Off, 2024-08-02T15:11:44.508, Normal, null
-332.000000, -323.000000, -321.000000, -328.000000, Off, Off, Off, Off, 2024-08-02T15:11:44.711, Normal, null
-333.000000, -324.000000, -322.000000, -329.000000, Off, Off, Off, Off, 2024-08-02T15:11:44.913, Normal, null
-334.000000, -325.000000, -323.000000, -330.000000, Off, Off, Off, Off, 2024-08-02T15:11:45.117, Normal, null
-335.000000, -326.000000, -324.000000, -331.000000, Off, Off, Off, Off, 2024-08-02T15:11:45.319, Normal, null
-336.000000, -327.000000, -325.000000, -332.000000, Off, Off, Off, Off, 2024-08-02T15:11:45.521, Normal, null
-337.000000, -328.000000, -326.000000, -333.000000, Off, Off, Off, Off, 2024-08-02T15:11:45.724, Normal, null
-338.000000, -329.000000, -327.000000, -334.000000, Off, Off, Off, Off, 2024-08-02T15:11:45.928, Normal, null
-339.000000, -330.000000, -328.000000, -335.000000, Off, Off, Off, Off, 2024-08-02T15:11:46.130, Normal, null
-340.000000, -331.000000, -329.000000, -336.000000, Off, Off, Off, Off, 2024-08-02T15:11:46.334, Normal, null
-341.000000, -332.000000, -330.000000, -337.000000, Off, Off, Off, Off, 2024-08-02T15:11:46.536, Normal, null
-342.000000, -333.000000, -331.000000, -338.000000, Off, Off, Off, Off, 2024-08-02T15:11:46.741, Normal, null
-343.000000, -334.000000, -332.000000, -339.000000, Off, Off, Off, Off, 2024-08-02T15:11:46.954, Normal, null
-344.000000, -335.000000, -333.000000, -340.000000, Off, Off, Off, Off, 2024-08-02T15:11:47.158, Normal, null
-345.000000, -336.000000, -334.000000, -341.000000, Off, Off, Off, Off, 2024-08-02T15:11:47.361, Normal, null
-346.000000, -337.000000, -335.000000, -342.000000, Off, Off, Off, Off, 2024-08-02T15:11:47.564, Normal, null
-347.000000, -338.000000, -336.000000, -343.000000, Off, Off, Off, Off, 2024-08-02T15:11:47.770, Normal, null
-348.000000, -339.000000, -337.000000, -344.000000, Off, Off, Off, Off, 2024-08-02T15:11:47.973, Normal, null
-349.000000, -340.000000, -338.000000, -345.000000, Off, Off, Off, Off, 2024-08-02T15:11:48.176, Normal, null
-350.000000, -341.000000, -339.000000, -346.000000, Off, Off, Off, Off, 2024-08-02T15:11:48.380, Normal, null
-351.000000, -342.000000, -340.000000, -347.000000, Off, Off, Off, Off, 2024-08-02T15:11:48.583, Normal, null
-352.000000, -343.000000, -341.000000, -348.000000, Off, Off, Off, Off, 2024-08-02T15:11:48.787, Normal, null
-353.000000, -344.000000, -342.000000, -349.000000, Off, Off, Off, Off, 2024-08-02T15:11:48.991, Normal, null
-354.000000, -345.000000, -343.000000, -350.000000, Off, Off, Off, Off, 2024-08-02T15:11:49.193, Normal, null
-355.000000, -346.000000, -344.000000, -351.000000, Off, Off, Off, Off, 2024-08-02T15:11:49.395, Normal, null
-356.000000, -347.000000, -345.000000, -352.000000, Off, Off, Off, Off, 2024-08-02T15:11:49.597, Normal, null
-357.000000, -348.000000, -346.000000, -353.000000, Off, Off, Off, Off, 2024-08-02T15:11:49.799, Normal, null
-358.000000, -349.000000, -347.000000, -354.000000, Off, Off, Off, Off, 2024-08-02T15:11:49.002, Normal, null
-359.000000, -350.000000, -348.000000, -355.000000, Off, Off, Off, Off, 2024-08-02T15:11:50.213, Normal, null
-360.000000, -351.000000, -349.000000, -356.000000, Off, Off, Off, Off, 2024-08-02T15:11:50.417, Normal, null
-361.000000, -352.000000, -350.000000, -357.000000, Off, Off, Off, Off, 2024-08-02T15:11:50.619, Normal, null
-362.000000, -353.000000, -351.000000, -358.000000, Off, Off, Off, Off, 2024-08-02T15:11:50.654, Normal, null
